resultId,raceId,teamId,driverId,grid,positionText,points,year,round
1,1,9,1,1,1,25,2023,1
2,1,9,11,2,2,18,2023,1
3,1,4,14,5,3,15,2023,1
4,1,5,55,4,4,12,2023,1
5,1,8,44,7,5,10,2023,1
6,1,4,18,8,6,8,2023,1
7,1,8,63,6,7,6,2023,1
8,1,1,77,12,8,4,2023,1
9,1,3,10,20,9,2,2023,1
10,1,10,23,15,10,1,2023,1
11,1,2,22,14,11,0,2023,1
12,1,10,2,16,12,0,2023,1
13,1,6,20,17,13,0,2023,1
14,1,2,21,19,14,0,2023,1
15,1,6,27,10,15,0,2023,1
16,1,1,24,13,16,0,2023,1
17,1,7,4,11,17,0,2023,1
18,1,3,31,9,Ret,0,2023,1
19,1,5,16,3,Ret,0,2023,1
20,1,7,81,18,Ret,0,2023,1
21,2,9,11,1,1,25,2023,2
22,2,9,1,15,2,19,2023,2
23,2,4,14,2,3,15,2023,2
24,2,8,63,3,4,12,2023,2
25,2,8,44,7,5,10,2023,2
26,2,5,55,4,6,8,2023,2
27,2,5,16,12,7,6,2023,2
28,2,3,31,6,8,4,2023,2
29,2,3,10,9,9,2,2023,2
30,2,6,20,13,10,1,2023,2
31,2,2,22,16,11,0,2023,2
32,2,6,27,10,12,0,2023,2
33,2,1,24,11,13,0,2023,2
34,2,2,21,18,14,0,2023,2
35,2,7,81,8,15,0,2023,2
36,2,10,2,20,16,0,2023,2
37,2,7,4,19,17,0,2023,2
38,2,1,77,14,18,0,2023,2
39,2,10,23,17,Ret,0,2023,2
40,2,4,18,5,Ret,0,2023,2
41,3,9,1,1,1,25,2023,3
42,3,8,44,3,2,18,2023,3
43,3,4,14,4,3,15,2023,3
44,3,4,18,6,4,12,2023,3
45,3,9,11,PL,5,11,2023,3
46,3,7,4,13,6,8,2023,3
47,3,6,27,10,7,6,2023,3
48,3,7,81,16,8,4,2023,3
49,3,1,24,17,9,2,2023,3
50,3,2,22,12,10,1,2023,3
51,3,1,77,PL,11,0,2023,3
52,3,5,55,5,12,0,2023,3
53,3,3,10,9,13,0,2023,3
54,3,3,31,11,14,0,2023,3
55,3,2,21,15,15,0,2023,3
56,3,10,2,18,16,0,2023,3
57,3,6,20,14,17,0,2023,3
58,3,8,63,2,Ret,0,2023,3
59,3,10,23,8,Ret,0,2023,3
60,3,5,16,7,Ret,0,2023,3
61,17,9,11,3,1,25,2023,4
62,17,9,1,2,2,18,2023,4
63,17,5,16,1,3,15,2023,4
64,17,4,14,6,4,12,2023,4
65,17,5,55,4,5,10,2023,4
66,17,8,44,5,6,8,2023,4
67,17,4,18,9,7,6,2023,4
68,17,8,63,11,8,5,2023,4
69,17,7,4,7,9,2,2023,4
70,17,2,22,8,10,1,2023,4
71,17,7,81,10,11,0,2023,4
72,17,10,23,12,12,0,2023,4
73,17,6,20,16,13,0,2023,4
74,17,3,10,17,14,0,2023,4
75,17,3,31,PL,15,0,2023,4
76,17,10,2,14,16,0,2023,4
77,17,6,27,PL,17,0,2023,4
78,17,1,77,13,18,0,2023,4
79,17,1,24,15,Ret,0,2023,4
80,17,2,21,18,Ret,0,2023,4
81,6,9,1,9,1,26,2023,5
82,6,9,11,1,2,18,2023,5
83,6,4,14,2,3,15,2023,5
84,6,8,63,6,4,12,2023,5
85,6,5,55,3,5,10,2023,5
86,6,8,44,13,6,8,2023,5
87,6,5,16,7,7,6,2023,5
88,6,3,10,5,8,4,2023,5
89,6,3,31,8,9,2,2023,5
90,6,6,20,4,10,1,2023,5
91,6,2,22,17,11,0,2023,5
92,6,4,18,18,12,0,2023,5
93,6,1,77,10,13,0,2023,5
94,6,10,23,11,14,0,2023,5
95,6,6,27,12,15,0,2023,5
96,6,1,24,14,16,0,2023,5
97,6,7,4,16,17,0,2023,5
98,6,2,21,15,18,0,2023,5
99,6,7,81,19,19,0,2023,5
100,6,10,2,20,20,0,2023,5
101,8,9,1,1,1,25,2023,6
102,8,4,14,2,2,18,2023,6
103,8,3,31,3,3,15,2023,6
104,8,8,44,5,4,13,2023,6
105,8,8,63,8,5,10,2023,6
106,8,5,16,6,6,8,2023,6
107,8,3,10,7,7,6,2023,6
108,8,5,55,4,8,4,2023,6
109,8,7,4,10,9,2,2023,6
110,8,7,81,11,10,1,2023,6
111,8,1,77,15,11,0,2023,6
112,8,2,21,12,12,0,2023,6
113,8,1,24,19,13,0,2023,6
114,8,10,23,13,14,0,2023,6
115,8,2,22,9,15,0,2023,6
116,8,9,11,20,16,0,2023,6
117,8,6,27,18,17,0,2023,6
118,8,10,2,16,18,0,2023,6
119,8,6,20,17,19,0,2023,6
120,8,4,18,14,Ret,0,2023,6
121,10,9,1,1,1,26,2023,7
122,10,8,44,4,2,18,2023,7
123,10,8,63,12,3,15,2023,7
124,10,9,11,11,4,12,2023,7
125,10,5,55,2,5,10,2023,7
126,10,4,18,5,6,8,2023,7
127,10,4,14,8,7,6,2023,7
128,10,3,31,6,8,4,2023,7
129,10,1,24,13,9,2,2023,7
130,10,3,10,10,10,1,2023,7
131,10,5,16,PL,11,0,2023,7
132,10,2,22,15,12,0,2023,7
133,10,7,81,9,13,0,2023,7
134,10,2,21,14,14,0,2023,7
135,10,6,27,7,15,0,2023,7
136,10,10,23,18,16,0,2023,7
137,10,7,4,3,17,0,2023,7
138,10,6,20,17,18,0,2023,7
139,10,1,77,16,19,0,2023,7
140,10,10,2,PL,20,0,2023,7
141,9,9,1,1,1,25,2023,8
142,9,4,14,2,2,18,2023,8
143,9,8,44,3,3,15,2023,8
144,9,5,16,10,4,12,2023,8
145,9,5,55,11,5,10,2023,8
146,9,9,11,12,6,9,2023,8
147,9,10,23,9,7,6,2023,8
148,9,3,31,6,8,4,2023,8
149,9,4,18,16,9,2,2023,8
150,9,1,77,14,10,1,2023,8
151,9,7,81,8,11,0,2023,8
152,9,3,10,15,12,0,2023,8
153,9,7,4,7,13,0,2023,8
154,9,2,22,19,14,0,2023,8
155,9,6,27,5,15,0,2023,8
156,9,1,24,20,16,0,2023,8
157,9,6,20,13,17,0,2023,8
158,9,2,21,17,18,0,2023,8
159,9,8,63,4,Ret,0,2023,8
160,9,10,2,18,Ret,0,2023,8
161,11,9,1,1,1,26,2023,9
162,11,5,16,2,2,18,2023,9
163,11,9,11,15,3,15,2023,9
164,11,7,4,4,4,12,2023,9
165,11,4,14,7,5,10,2023,9
166,11,5,55,3,6,8,2023,9
167,11,8,63,11,7,6,2023,9
168,11,8,44,5,8,4,2023,9
169,11,4,18,6,9,2,2023,9
170,11,3,10,9,10,1,2023,9
171,11,10,23,10,11,0,2023,9
172,11,1,24,17,12,0,2023,9
173,11,10,2,18,13,0,2023,9
174,11,3,31,12,14,0,2023,9
175,11,1,77,14,15,0,2023,9
176,11,7,81,13,16,0,2023,9
177,11,2,21,PL,17,0,2023,9
178,11,6,20,PL,18,0,2023,9
179,11,2,22,16,19,0,2023,9
180,11,6,27,8,Ret,0,2023,9
181,12,9,1,1,1,26,2023,10
182,12,7,4,2,2,18,2023,10
183,12,8,44,7,3,15,2023,10
184,12,7,81,3,4,12,2023,10
185,12,8,63,6,5,10,2023,10
186,12,9,11,15,6,8,2023,10
187,12,4,14,9,7,6,2023,10
188,12,10,23,8,8,4,2023,10
189,12,5,16,4,9,2,2023,10
190,12,5,55,5,10,1,2023,10
191,12,10,2,14,11,0,2023,10
192,12,1,77,20,12,0,2023,10
193,12,6,27,11,13,0,2023,10
194,12,4,18,12,14,0,2023,10
195,12,1,24,17,15,0,2023,10
196,12,2,22,16,16,0,2023,10
197,12,2,21,18,17,0,2023,10
198,12,3,10,10,18,0,2023,10
199,12,6,20,19,Ret,0,2023,10
200,12,3,31,13,Ret,0,2023,10
201,13,9,1,2,1,26,2023,11
202,13,7,4,3,2,18,2023,11
203,13,9,11,9,3,15,2023,11
204,13,8,44,1,4,12,2023,11
205,13,7,81,4,5,10,2023,11
206,13,8,63,18,6,8,2023,11
207,13,5,16,6,7,6,2023,11
208,13,5,55,11,8,4,2023,11
209,13,4,14,8,9,2,2023,11
210,13,4,18,14,10,1,2023,11
211,13,10,23,16,11,0,2023,11
212,13,1,77,7,12,0,2023,11
213,13,2,3,13,13,0,2023,11
214,13,6,27,10,14,0,2023,11
215,13,2,22,17,15,0,2023,11
216,13,1,24,5,16,0,2023,11
217,13,6,20,19,17,0,2023,11
218,13,10,2,20,18,0,2023,11
219,13,3,31,12,Ret,0,2023,11
220,13,3,10,15,Ret,0,2023,11
221,14,9,1,6,1,25,2023,12
222,14,9,11,2,2,18,2023,12
223,14,5,16,1,3,15,2023,12
224,14,8,44,3,4,13,2023,12
225,14,4,14,9,5,10,2023,12
226,14,8,63,8,6,8,2023,12
227,14,7,4,7,7,6,2023,12
228,14,3,31,14,8,4,2023,12
229,14,4,18,10,9,2,2023,12
230,14,2,22,11,10,1,2023,12
231,14,3,10,12,11,0,2023,12
232,14,1,77,13,12,0,2023,12
233,14,1,24,17,13,0,2023,12
234,14,10,23,15,14,0,2023,12
235,14,6,20,16,15,0,2023,12
236,14,2,3,19,16,0,2023,12
237,14,10,2,18,17,0,2023,12
238,14,6,27,PL,18,0,2023,12
239,14,5,55,4,Ret,0,2023,12
240,14,7,81,5,Ret,0,2023,12
241,15,9,1,1,1,25,2023,13
242,15,4,14,5,2,19,2023,13
243,15,3,10,12,3,15,2023,13
244,15,9,11,7,4,12,2023,13
245,15,5,55,6,5,10,2023,13
246,15,8,44,13,6,8,2023,13
247,15,7,4,2,7,6,2023,13
248,15,10,23,4,8,4,2023,13
249,15,7,81,8,9,2,2023,13
250,15,3,31,16,10,1,2023,13
251,15,4,18,11,11,0,2023,13
252,15,6,27,14,12,0,2023,13
253,15,2,40,19,13,0,2023,13
254,15,1,77,18,14,0,2023,13
255,15,2,22,17,15,0,2023,13
256,15,6,20,PL,16,0,2023,13
257,15,8,63,3,17,0,2023,13
258,15,1,24,15,Ret,0,2023,13
259,15,5,16,9,Ret,0,2023,13
260,15,10,2,10,Ret,0,2023,13
261,16,9,1,2,1,25,2023,14
262,16,9,11,5,2,18,2023,14
263,16,5,55,1,3,15,2023,14
264,16,5,16,3,4,12,2023,14
265,16,8,63,4,5,10,2023,14
266,16,8,44,8,6,8,2023,14
267,16,10,23,6,7,6,2023,14
268,16,7,4,9,8,4,2023,14
269,16,4,14,10,9,2,2023,14
270,16,1,77,14,10,1,2023,14
271,16,2,40,12,11,0,2023,14
272,16,7,81,7,12,0,2023,14
273,16,10,2,15,13,0,2023,14
274,16,1,24,16,14,0,2023,14
275,16,3,10,17,15,0,2023,14
276,16,4,18,20,16,0,2023,14
277,16,6,27,13,17,0,2023,14
278,16,6,20,19,18,0,2023,14
279,16,3,31,18,Ret,0,2023,14
280,16,2,22,11,Ret,0,2023,14
281,18,5,55,1,1,25,2023,15
282,18,7,4,4,2,18,2023,15
283,18,8,44,5,3,16,2023,15
284,18,5,16,3,4,12,2023,15
285,18,9,1,11,5,10,2023,15
286,18,3,10,12,6,8,2023,15
287,18,7,81,17,7,6,2023,15
288,18,9,11,13,8,4,2023,15
289,18,2,40,10,9,2,2023,15
290,18,6,20,6,10,1,2023,15
291,18,10,23,14,11,0,2023,15
292,18,1,24,PL,12,0,2023,15
293,18,6,27,9,13,0,2023,15
294,18,10,2,18,14,0,2023,15
295,18,4,14,7,15,0,2023,15
296,18,8,63,2,16,0,2023,15
297,18,3,31,8,Ret,0,2023,15
298,18,1,77,16,Ret,0,2023,15
299,18,2,22,15,Ret,0,2023,15
300,18,4,18,DNF,DNS,0,2023,15
301,4,9,1,1,1,26,2023,16
302,4,7,4,3,2,18,2023,16
303,4,7,81,2,3,15,2023,16
304,4,5,16,4,4,12,2023,16
305,4,8,44,7,5,10,2023,16
306,4,5,55,6,6,8,2023,16
307,4,8,63,8,7,6,2023,16
308,4,4,14,10,8,4,2023,16
309,4,3,31,14,9,2,2023,16
310,4,3,10,12,10,1,2023,16
311,4,2,40,11,11,0,2023,16
312,4,2,22,9,12,0,2023,16
313,4,1,24,19,13,0,2023,16
314,4,6,27,18,14,0,2023,16
315,4,6,20,15,15,0,2023,16
316,4,10,23,13,Ret,0,2023,16
317,4,10,2,PL,Ret,0,2023,16
318,4,4,18,17,Ret,0,2023,16
319,4,9,11,5,Ret,0,2023,16
320,4,1,77,16,Ret,0,2023,16
321,23,9,1,1,1,26,2023,17
322,23,7,81,6,2,18,2023,17
323,23,7,4,10,3,15,2023,17
324,23,8,63,2,4,12,2023,17
325,23,5,16,5,5,10,2023,17
326,23,4,14,4,6,8,2023,17
327,23,3,31,8,7,6,2023,17
328,23,1,77,9,8,4,2023,17
329,23,1,24,19,9,2,2023,17
330,23,9,11,PL,10,1,2023,17
331,23,4,18,16,11,0,2023,17
332,23,3,10,7,12,0,2023,17
333,23,10,23,13,13,0,2023,17
334,23,6,20,18,14,0,2023,17
335,23,2,22,11,15,0,2023,17
336,23,6,27,14,16,0,2023,17
337,23,2,40,17,17,0,2023,17
338,23,10,2,15,Ret,0,2023,17
339,23,8,44,3,Ret,0,2023,17
340,23,5,55,12,DNS,0,2023,17
341,19,9,1,6,1,25,2023,18
342,19,7,4,2,2,18,2023,18
343,19,5,55,4,3,15,2023,18
344,19,9,11,9,4,12,2023,18
345,19,8,63,5,5,10,2023,18
346,19,3,10,7,6,8,2023,18
347,19,4,18,PL,7,6,2023,18
348,19,2,22,11,8,5,2023,18
349,19,10,23,15,9,2,2023,18
350,19,10,2,16,10,1,2023,18
351,19,6,27,PL,11,0,2023,18
352,19,1,77,13,12,0,2023,18
353,19,1,24,12,13,0,2023,18
354,19,6,20,PL,14,0,2023,18
355,19,2,3,14,15,0,2023,18
356,19,4,14,PL,Ret,0,2023,18
357,19,7,81,10,Ret,0,2023,18
358,19,3,31,8,Ret,0,2023,18
359,19,8,44,3,DSQ,0,2023,18
360,19,5,16,1,DSQ,0,2023,18
361,20,9,1,3,1,25,2023,19
362,20,8,44,6,2,19,2023,19
363,20,5,16,1,3,15,2023,19
364,20,5,55,2,4,12,2023,19
365,20,7,4,17,5,10,2023,19
366,20,8,63,8,6,8,2023,19
367,20,2,3,4,7,6,2023,19
368,20,7,81,7,8,4,2023,19
369,20,10,23,14,9,2,2023,19
370,20,3,31,15,10,1,2023,19
371,20,3,10,11,11,0,2023,19
372,20,2,22,18,12,0,2023,19
373,20,6,27,12,13,0,2023,19
374,20,1,24,10,14,0,2023,19
375,20,1,77,9,15,0,2023,19
376,20,10,2,19,16,0,2023,19
377,20,4,18,PL,17,0,2023,19
378,20,4,14,13,Ret,0,2023,19
379,20,6,20,16,Ret,0,2023,19
380,20,9,11,5,Ret,0,2023,19
381,21,9,1,1,1,25,2023,20
382,21,7,4,6,2,19,2023,20
383,21,4,14,4,3,15,2023,20
384,21,9,11,9,4,12,2023,20
385,21,4,18,3,5,10,2023,20
386,21,5,55,7,6,8,2023,20
387,21,3,10,15,7,6,2023,20
388,21,8,44,5,8,4,2023,20
389,21,2,22,16,9,2,2023,20
390,21,3,31,14,10,1,2023,20
391,21,10,2,19,11,0,2023,20
392,21,6,27,11,12,0,2023,20
393,21,2,3,17,13,0,2023,20
394,21,7,81,10,14,0,2023,20
395,21,8,63,8,Ret,0,2023,20
396,21,1,77,18,Ret,0,2023,20
397,21,1,24,20,Ret,0,2023,20
398,21,6,20,12,Ret,0,2023,20
399,21,10,23,13,Ret,0,2023,20
400,21,5,16,2,DNS,0,2023,20
401,22,9,1,2,1,25,2023,21
402,22,5,16,1,2,18,2023,21
403,22,9,11,11,3,15,2023,21
404,22,3,31,16,4,12,2023,21
405,22,4,18,19,5,10,2023,21
406,22,5,55,12,6,8,2023,21
407,22,8,44,10,7,6,2023,21
408,22,8,63,3,8,4,2023,21
409,22,4,14,9,9,2,2023,21
410,22,7,81,18,10,2,2023,21
411,22,3,10,4,11,0,2023,21
412,22,10,23,5,12,0,2023,21
413,22,6,20,8,13,0,2023,21
414,22,2,3,14,14,0,2023,21
415,22,1,24,17,15,0,2023,21
416,22,10,2,6,16,0,2023,21
417,22,1,77,7,17,0,2023,21
418,22,2,22,20,18,0,2023,21
419,22,6,27,13,19,0,2023,21
420,22,7,4,15,Ret,0,2023,21
421,24,9,1,1,1,26,2023,22
422,24,5,16,2,2,18,2023,22
423,24,8,63,4,3,15,2023,22
424,24,9,11,9,4,12,2023,22
425,24,7,4,5,5,10,2023,22
426,24,7,81,3,6,8,2023,22
427,24,4,14,7,7,6,2023,22
428,24,2,22,6,8,4,2023,22
429,24,8,44,11,9,2,2023,22
430,24,4,18,13,10,1,2023,22
431,24,2,3,15,11,0,2023,22
432,24,3,31,12,12,0,2023,22
433,24,3,10,10,13,0,2023,22
434,24,10,23,14,14,0,2023,22
435,24,6,27,8,15,0,2023,22
436,24,10,2,20,16,0,2023,22
437,24,1,24,19,17,0,2023,22
438,24,5,55,16,18,0,2023,22
439,24,1,77,18,19,0,2023,22
440,24,6,20,17,20,0,2023,22
441,1,9,1,1,1,26,2024,1
442,1,9,11,5,2,18,2024,1
443,1,5,55,4,3,15,2024,1
444,1,5,16,2,4,12,2024,1
445,1,8,63,3,5,10,2024,1
446,1,7,4,7,6,8,2024,1
447,1,8,44,9,7,6,2024,1
448,1,7,81,8,8,4,2024,1
449,1,4,14,6,9,2,2024,1
450,1,4,18,12,10,1,2024,1
451,1,11,24,17,11,0,2024,1
452,1,6,20,15,12,0,2024,1
453,1,12,3,14,13,0,2024,1
454,1,12,22,11,14,0,2024,1
455,1,10,23,13,15,0,2024,1
456,1,6,27,10,16,0,2024,1
457,1,3,31,19,17,0,2024,1
458,1,3,10,20,18,0,2024,1
459,1,11,77,16,19,0,2024,1
460,1,10,2,18,20,0,2024,1
461,2,9,1,1,1,25,2024,2
462,2,9,11,3,2,18,2024,2
463,2,5,16,2,3,16,2024,2
464,2,7,81,5,4,12,2024,2
465,2,4,14,4,5,10,2024,2
466,2,8,63,7,6,8,2024,2
467,2,5,38,11,7,6,2024,2
468,2,7,4,6,8,4,2024,2
469,2,8,44,8,9,2,2024,2
470,2,6,27,15,10,1,2024,2
471,2,10,23,12,11,0,2024,2
472,2,6,20,13,12,0,2024,2
473,2,3,31,17,13,0,2024,2
474,2,10,2,19,14,0,2024,2
475,2,12,22,9,15,0,2024,2
476,2,12,3,14,16,0,2024,2
477,2,11,77,16,17,0,2024,2
478,2,11,24,20,18,0,2024,2
479,2,4,18,10,Ret,0,2024,2
480,2,3,10,18,Ret,0,2024,2
481,3,5,55,2,1,25,2024,3
482,3,5,16,4,2,19,2024,3
483,3,7,4,3,3,15,2024,3
484,3,7,81,5,4,12,2024,3
485,3,9,11,6,5,10,2024,3
486,3,4,18,9,6,8,2024,3
487,3,12,22,8,7,6,2024,3
488,3,4,14,10,8,4,2024,3
489,3,6,27,16,9,2,2024,3
490,3,6,20,14,10,1,2024,3
491,3,10,23,12,11,0,2024,3
492,3,12,3,18,12,0,2024,3
493,3,3,10,17,13,0,2024,3
494,3,11,77,13,14,0,2024,3
495,3,11,24,PL,15,0,2024,3
496,3,3,31,15,16,0,2024,3
497,3,8,63,7,17,0,2024,3
498,3,8,44,11,Ret,0,2024,3
499,3,9,1,1,Ret,0,2024,3
500,4,9,1,1,1,26,2024,4
501,4,9,11,2,2,18,2024,4
502,4,5,55,4,3,15,2024,4
503,4,5,16,8,4,12,2024,4
504,4,7,4,3,5,10,2024,4
505,4,4,14,5,6,8,2024,4
506,4,8,63,9,7,6,2024,4
507,4,7,81,6,8,4,2024,4
508,4,8,44,7,9,2,2024,4
509,4,12,22,10,10,1,2024,4
510,4,6,27,12,11,0,2024,4
511,4,4,18,16,12,0,2024,4
512,4,6,20,18,13,0,2024,4
513,4,11,77,13,14,0,2024,4
514,4,3,31,15,15,0,2024,4
515,4,3,10,17,16,0,2024,4
516,4,10,2,19,17,0,2024,4
517,4,11,24,20,Ret,0,2024,4
518,4,12,3,11,Ret,0,2024,4
519,4,10,23,14,Ret,0,2024,4
520,5,9,1,1,1,25,2024,5
521,5,7,4,4,2,18,2024,5
522,5,9,11,2,3,15,2024,5
523,5,5,16,6,4,12,2024,5
524,5,5,55,7,5,10,2024,5
525,5,8,63,8,6,8,2024,5
526,5,4,14,3,7,7,2024,5
527,5,7,81,5,8,4,2024,5
528,5,8,44,18,9,2,2024,5
529,5,6,27,9,10,1,2024,5
530,5,3,31,13,11,0,2024,5
531,5,10,23,14,12,0,2024,5
532,5,3,10,15,13,0,2024,5
533,5,11,24,16,14,0,2024,5
534,5,4,18,11,15,0,2024,5
535,5,6,20,17,16,0,2024,5
536,5,10,2,PL,17,0,2024,5
537,5,12,3,12,Ret,0,2024,5
538,5,12,22,19,Ret,0,2024,5
539,5,11,77,10,Ret,0,2024,5
540,6,7,4,5,1,25,2024,6
541,6,9,1,1,2,18,2024,6
542,6,5,16,2,3,15,2024,6
543,6,9,11,4,4,12,2024,6
544,6,5,55,3,5,10,2024,6
545,6,8,44,8,6,8,2024,6
546,6,12,22,10,7,6,2024,6
547,6,8,63,7,8,4,2024,6
548,6,4,14,15,9,2,2024,6
549,6,3,31,13,10,1,2024,6
550,6,6,27,9,11,0,2024,6
551,6,3,10,12,12,0,2024,6
552,6,7,81,6,13,0,2024,6
553,6,11,24,19,14,0,2024,6
554,6,12,3,20,15,0,2024,6
555,6,11,77,16,16,0,2024,6
556,6,4,18,11,17,0,2024,6
557,6,10,23,14,18,0,2024,6
558,6,6,20,18,19,0,2024,6
559,6,10,2,17,Ret,0,2024,6
560,7,9,1,1,1,25,2024,7
561,7,7,4,2,2,18,2024,7
562,7,5,16,3,3,15,2024,7
563,7,7,81,5,4,12,2024,7
564,7,5,55,4,5,10,2024,7
565,7,8,44,8,6,8,2024,7
566,7,8,63,6,7,7,2024,7
567,7,9,11,11,8,4,2024,7
568,7,4,18,13,9,2,2024,7
569,7,12,22,7,10,1,2024,7
570,7,6,27,10,11,0,2024,7
571,7,6,20,18,12,0,2024,7
572,7,12,3,9,13,0,2024,7
573,7,3,31,12,14,0,2024,7
574,7,11,24,17,15,0,2024,7
575,7,3,10,15,16,0,2024,7
576,7,10,2,19,17,0,2024,7
577,7,11,77,16,18,0,2024,7
578,7,4,14,PL,19,0,2024,7
579,7,10,23,14,Ret,0,2024,7
580,8,5,16,1,1,25,2024,8
581,8,7,81,2,2,18,2024,8
582,8,5,55,3,3,15,2024,8
583,8,7,4,4,4,12,2024,8
584,8,8,63,5,5,10,2024,8
585,8,9,1,6,6,8,2024,8
586,8,8,44,7,7,7,2024,8
587,8,12,22,8,8,4,2024,8
588,8,10,23,9,9,2,2024,8
589,8,3,10,10,10,1,2024,8
590,8,4,14,14,11,0,2024,8
591,8,12,3,12,12,0,2024,8
592,8,11,77,17,13,0,2024,8
593,8,4,18,13,14,0,2024,8
594,8,10,2,15,15,0,2024,8
595,8,11,24,18,16,0,2024,8
596,8,3,31,11,Ret,0,2024,8
597,8,9,11,16,Ret,0,2024,8
598,8,6,27,19,Ret,0,2024,8
599,8,6,20,20,Ret,0,2024,8
600,9,9,1,2,1,25,2024,9
601,9,7,4,3,2,18,2024,9
602,9,8,63,1,3,15,2024,9
603,9,8,44,7,4,13,2024,9
604,9,7,81,4,5,10,2024,9
605,9,4,14,6,6,8,2024,9
606,9,4,18,9,7,6,2024,9
607,9,12,3,5,8,4,2024,9
608,9,3,10,15,9,2,2024,9
609,9,3,31,18,10,1,2024,9
610,9,6,27,17,11,0,2024,9
611,9,6,20,14,12,0,2024,9
612,9,11,77,PL,13,0,2024,9
613,9,12,22,8,14,0,2024,9
614,9,11,24,PL,15,0,2024,9
615,9,5,55,12,Ret,0,2024,9
616,9,10,23,10,Ret,0,2024,9
617,9,9,11,16,Ret,0,2024,9
618,9,5,16,11,Ret,0,2024,9
619,9,10,2,13,Ret,0,2024,9
620,10,9,1,2,1,25,2024,10
621,10,7,4,1,2,19,2024,10
622,10,8,44,3,3,15,2024,10
623,10,8,63,4,4,12,2024,10
624,10,5,16,5,5,10,2024,10
625,10,5,55,6,6,8,2024,10
626,10,7,81,9,7,6,2024,10
627,10,9,11,11,8,4,2024,10
628,10,3,10,7,9,2,2024,10
629,10,3,31,8,10,1,2024,10
630,10,6,27,13,11,0,2024,10
631,10,4,14,10,12,0,2024,10
632,10,11,24,15,13,0,2024,10
633,10,4,18,14,14,0,2024,10
634,10,12,3,18,15,0,2024,10
635,10,11,77,12,16,0,2024,10
636,10,6,20,16,17,0,2024,10
637,10,10,23,PL,18,0,2024,10
638,10,12,22,17,19,0,2024,10
639,10,10,2,19,20,0,2024,10
640,11,8,63,3,1,25,2024,11
641,11,7,81,7,2,18,2024,11
642,11,5,55,4,3,15,2024,11
643,11,8,44,5,4,12,2024,11
644,11,9,1,1,5,10,2024,11
645,11,6,27,9,6,8,2024,11
646,11,9,11,8,7,6,2024,11
647,11,6,20,12,8,4,2024,11
648,11,12,3,11,9,2,2024,11
649,11,3,10,13,10,1,2024,11
650,11,5,16,6,11,0,2024,11
651,11,3,31,10,12,0,2024,11
652,11,4,18,17,13,0,2024,11
653,11,12,22,14,14,0,2024,11
654,11,10,23,16,15,0,2024,11
655,11,11,77,18,16,0,2024,11
656,11,11,24,PL,17,0,2024,11
657,11,4,14,15,18,0,2024,11
658,11,10,2,19,19,0,2024,11
659,11,7,4,2,20,0,2024,11
660,12,8,44,2,1,25,2024,12
661,12,9,1,4,2,18,2024,12
662,12,7,4,3,3,15,2024,12
663,12,7,81,5,4,12,2024,12
664,12,5,55,7,5,11,2024,12
665,12,6,27,6,6,8,2024,12
666,12,4,18,8,7,6,2024,12
667,12,4,14,10,8,4,2024,12
668,12,10,23,9,9,2,2024,12
669,12,12,22,13,10,1,2024,12
670,12,10,2,12,11,0,2024,12
671,12,6,20,17,12,0,2024,12
672,12,12,3,15,13,0,2024,12
673,12,5,16,11,14,0,2024,12
674,12,11,77,16,15,0,2024,12
675,12,3,31,18,16,0,2024,12
676,12,9,11,PL,17,0,2024,12
677,12,11,24,14,18,0,2024,12
678,12,8,63,1,Ret,0,2024,12
679,12,3,10,19,DNS,0,2024,12
680,13,7,81,2,1,25,2024,13
681,13,7,4,1,2,18,2024,13
682,13,8,44,5,3,15,2024,13
683,13,5,16,6,4,12,2024,13
684,13,9,1,3,5,10,2024,13
685,13,5,55,4,6,8,2024,13
686,13,9,11,16,7,6,2024,13
687,13,8,63,17,8,5,2024,13
688,13,12,22,10,9,2,2024,13
689,13,4,18,8,10,1,2024,13
690,13,4,14,7,11,0,2024,13
691,13,12,3,9,12,0,2024,13
692,13,6,27,11,13,0,2024,13
693,13,10,23,13,14,0,2024,13
694,13,6,20,15,15,0,2024,13
695,13,11,77,12,16,0,2024,13
696,13,10,2,14,17,0,2024,13
697,13,3,31,19,18,0,2024,13
698,13,11,24,18,19,0,2024,13
699,13,3,10,PL,Ret,0,2024,13
700,14,8,44,3,1,25,2024,14
701,14,7,81,5,2,18,2024,14
702,14,5,16,1,3,15,2024,14
703,14,9,1,11,4,12,2024,14
704,14,7,4,4,5,10,2024,14
705,14,5,55,7,6,8,2024,14
706,14,9,11,2,7,7,2024,14
707,14,4,14,8,8,4,2024,14
708,14,3,31,9,9,2,2024,14
709,14,12,3,13,10,1,2024,14
710,14,4,18,15,11,0,2024,14
711,14,10,23,10,12,0,2024,14
712,14,3,10,12,13,0,2024,14
713,14,6,20,17,14,0,2024,14
714,14,11,77,14,15,0,2024,14
715,14,11,24,20,16,0,2024,14
716,14,12,22,18,17,0,2024,14
717,14,6,27,16,18,0,2024,14
718,14,8,63,6,DSQ,0,2024,14
719,14,10,2,19,Ret,0,2024,14
720,15,7,4,1,1,26,2024,15
721,15,9,1,2,2,18,2024,15
722,15,5,16,6,3,15,2024,15
723,15,7,81,3,4,12,2024,15
724,15,5,55,10,5,10,2024,15
725,15,9,11,5,6,8,2024,15
726,15,8,63,4,7,6,2024,15
727,15,8,44,14,8,4,2024,15
728,15,3,10,9,9,2,2024,15
729,15,4,14,7,10,1,2024,15
730,15,6,27,12,11,0,2024,15
731,15,12,3,13,12,0,2024,15
732,15,4,18,8,13,0,2024,15
733,15,10,23,19,14,0,2024,15
734,15,3,31,15,15,0,2024,15
735,15,10,2,18,16,0,2024,15
736,15,12,22,11,17,0,2024,15
737,15,6,20,PL,18,0,2024,15
738,15,11,77,16,19,0,2024,15
739,15,11,24,17,20,0,2024,15
740,16,5,16,4,1,25,2024,16
741,16,7,81,2,2,18,2024,16
742,16,7,4,1,3,16,2024,16
743,16,5,55,5,4,12,2024,16
744,16,8,44,6,5,10,2024,16
745,16,9,1,7,6,8,2024,16
746,16,8,63,3,7,6,2024,16
747,16,9,11,8,8,4,2024,16
748,16,10,23,9,9,2,2024,16
749,16,6,20,13,10,1,2024,16
750,16,4,14,11,11,0,2024,16
751,16,10,43,18,12,0,2024,16
752,16,12,3,12,13,0,2024,16
753,16,3,31,15,14,0,2024,16
754,16,3,10,14,15,0,2024,16
755,16,11,77,19,16,0,2024,16
756,16,6,27,10,17,0,2024,16
757,16,11,24,20,18,0,2024,16
758,16,4,18,17,19,0,2024,16
759,16,12,22,16,Ret,0,2024,16
760,17,7,81,2,1,25,2024,17
761,17,5,16,1,2,18,2024,17
762,17,8,63,5,3,15,2024,17
763,17,7,4,15,4,13,2024,17
764,17,9,1,6,5,10,2024,17
765,17,4,14,7,6,8,2024,17
766,17,10,23,9,7,6,2024,17
767,17,10,43,8,8,4,2024,17
768,17,8,44,PL,9,2,2024,17
769,17,6,50,10,10,1,2024,17
770,17,6,27,12,11,0,2024,17
771,17,3,10,18,12,0,2024,17
772,17,12,3,14,13,0,2024,17
773,17,11,24,17,14,0,2024,17
774,17,3,31,PL,15,0,2024,17
775,17,11,77,16,16,0,2024,17
776,17,9,11,4,17,0,2024,17
777,17,5,55,3,18,0,2024,17
778,17,4,18,13,19,0,2024,17
779,17,12,22,11,Ret,0,2024,17
780,18,7,4,1,1,25,2024,18
781,18,9,1,2,2,18,2024,18
782,18,7,81,5,3,15,2024,18
783,18,8,63,4,4,12,2024,18
784,18,5,16,9,5,10,2024,18
785,18,8,44,3,6,8,2024,18
786,18,5,55,10,7,6,2024,18
787,18,4,14,7,8,4,2024,18
788,18,6,27,6,9,2,2024,18
789,18,9,11,13,10,1,2024,18
790,18,10,43,12,11,0,2024,18
791,18,12,22,8,12,0,2024,18
792,18,3,31,15,13,0,2024,18
793,18,4,18,17,14,0,2024,18
794,18,11,24,20,15,0,2024,18
795,18,11,77,19,16,0,2024,18
796,18,3,10,18,17,0,2024,18
797,18,12,3,16,18,0,2024,18
798,18,6,20,14,19,0,2024,18
799,18,10,23,11,Ret,0,2024,18
800,19,5,16,4,1,25,2024,19
801,19,5,55,3,2,18,2024,19
802,19,9,1,2,3,15,2024,19
803,19,7,4,1,4,12,2024,19
804,19,7,81,5,5,10,2024,19
805,19,8,63,PL,6,8,2024,19
806,19,9,11,9,7,6,2024,19
807,19,6,27,11,8,4,2024,19
808,19,12,30,19,9,2,2024,19
809,19,10,43,15,10,1,2024,19
810,19,6,20,8,11,0,2024,19
811,19,3,10,6,12,0,2024,19
812,19,4,14,7,13,0,2024,19
813,19,12,22,10,14,0,2024,19
814,19,4,18,13,15,0,2024,19
815,19,10,23,14,16,0,2024,19
816,19,11,77,16,17,0,2024,19
817,19,3,31,12,18,0,2024,19
818,19,11,24,18,19,0,2024,19
819,19,8,44,17,Ret,0,2024,19
820,20,5,55,1,1,25,2024,20
821,20,7,4,3,2,18,2024,20
822,20,5,16,4,3,16,2024,20
823,20,8,44,6,4,12,2024,20
824,20,8,63,5,5,10,2024,20
825,20,9,1,2,6,8,2024,20
826,20,6,20,7,7,6,2024,20
827,20,7,81,17,8,4,2024,20
828,20,6,27,10,9,2,2024,20
829,20,3,10,8,10,1,2024,20
830,20,4,18,14,11,0,2024,20
831,20,10,43,16,12,0,2024,20
832,20,3,31,PL,13,0,2024,20
833,20,11,77,15,14,0,2024,20
834,20,11,24,19,15,0,2024,20
835,20,12,30,12,16,0,2024,20
836,20,9,11,18,17,0,2024,20
837,20,10,23,9,Ret,0,2024,20
838,20,12,22,11,Ret,0,2024,20
839,20,4,14,13,Ret,0,2024,20
840,21,9,1,17,1,26,2024,21
841,21,3,31,4,2,18,2024,21
842,21,3,10,13,3,15,2024,21
843,21,8,63,2,4,12,2024,21
844,21,5,16,6,5,10,2024,21
845,21,7,4,1,6,8,2024,21
846,21,12,22,3,7,6,2024,21
847,21,7,81,8,8,4,2024,21
848,21,12,30,5,9,2,2024,21
849,21,8,44,14,10,1,2024,21
850,21,9,11,12,11,0,2024,21
851,21,6,50,15,12,0,2024,21
852,21,11,77,11,13,0,2024,21
853,21,4,14,9,14,0,2024,21
854,21,11,24,19,15,0,2024,21
855,21,10,23,7,DNS,0,2024,21
856,21,4,18,10,DNS,0,2024,21
857,21,6,27,18,DSQ,0,2024,21
858,21,10,43,16,Ret,0,2024,21
859,21,5,55,PL,Ret,0,2024,21
860,22,8,63,1,1,25,2024,22
861,22,8,44,10,2,18,2024,22
862,22,5,55,2,3,15,2024,22
863,22,5,16,4,4,12,2024,22
864,22,9,1,5,5,10,2024,22
865,22,7,4,6,6,9,2024,22
866,22,7,81,8,7,6,2024,22
867,22,6,27,9,8,4,2024,22
868,22,12,22,7,9,2,2024,22
869,22,9,11,15,10,1,2024,22
870,22,4,14,16,11,0,2024,22
871,22,6,20,12,12,0,2024,22
872,22,11,24,13,13,0,2024,22
873,22,10,43,PL,14,0,2024,22
874,22,4,18,18,15,0,2024,22
875,22,12,30,14,16,0,2024,22
876,22,3,31,11,17,0,2024,22
877,22,11,77,19,18,0,2024,22
878,22,3,10,3,Ret,0,2024,22
879,22,10,23,17,Ret,0,2024,22
880,23,9,1,2,1,25,2024,23
881,23,5,16,5,2,18,2024,23
882,23,7,81,4,3,15,2024,23
883,23,8,63,1,4,12,2024,23
884,23,3,10,11,5,10,2024,23
885,23,5,55,7,6,8,2024,23
886,23,4,14,8,7,6,2024,23
887,23,11,24,12,8,4,2024,23
888,23,6,20,10,9,2,2024,23
889,23,7,4,3,10,2,2024,23
890,23,11,77,13,11,0,2024,23
891,23,8,44,6,12,0,2024,23
892,23,12,22,14,13,0,2024,23
893,23,12,30,17,14,0,2024,23
894,23,10,23,16,15,0,2024,23
895,23,9,11,9,Ret,0,2024,23
896,23,4,18,15,Ret,0,2024,23
897,23,6,27,18,Ret,0,2024,23
898,23,10,43,19,Ret,0,2024,23
899,23,3,31,20,Ret,0,2024,23
900,24,7,4,1,1,25,2024,24
901,24,5,55,3,2,18,2024,24
902,24,5,16,19,3,15,2024,24
903,24,8,44,16,4,12,2024,24
904,24,8,63,6,5,10,2024,24
905,24,9,1,4,6,8,2024,24
906,24,3,10,5,7,6,2024,24
907,24,6,27,7,8,4,2024,24
908,24,4,14,8,9,2,2024,24
909,24,7,81,2,10,1,2024,24
910,24,10,23,18,11,0,2024,24
911,24,12,22,11,12,0,2024,24
912,24,11,24,15,13,0,2024,24
913,24,4,18,13,14,0,2024,24
914,24,3,61,17,15,0,2024,24
915,24,6,20,14,16,0,2024,24
916,24,12,30,12,17,0,2024,24
917,24,11,77,9,Ret,0,2024,24
918,24,9,11,10,Ret,0,2024,24
919,24,10,43,20,Ret,0,2024,24
920,3,7,4,1,1,25,2025,1
921,3,9,1,3,2,18,2025,1
922,3,8,63,4,3,15,2025,1
923,3,8,12,16,4,12,2025,1
924,3,10,23,6,5,10,2025,1
925,3,4,18,13,6,8,2025,1
926,3,11,27,17,7,6,2025,1
927,3,5,16,7,8,4,2025,1
928,3,7,81,2,9,2,2025,1
929,3,5,44,8,10,1,2025,1
930,3,3,10,9,11,0,2025,1
931,3,13,22,5,12,0,2025,1
932,3,6,31,19,13,0,2025,1
933,3,6,87,PL,14,0,2025,1
934,3,13,6,11,DNF,0,2025,1
935,3,10,55,10,Ret,0,2025,1
936,3,4,14,12,Ret,0,2025,1
937,3,3,7,14,Ret,0,2025,1
938,3,11,5,15,Ret,0,2025,1
939,3,9,30,PL,Ret,0,2025,1
940,5,7,81,1,1,25,2025,2
941,5,7,4,3,2,18,2025,2
942,5,8,63,2,3,15,2025,2
943,5,9,1,4,4,12,2025,2
944,5,6,31,11,5,10,2025,2
945,5,8,12,8,6,8,2025,2
946,5,10,23,10,7,6,2025,2
947,5,6,87,17,8,4,2025,2
948,5,4,18,14,9,2,2025,2
949,5,10,55,15,10,1,2025,2
950,5,13,6,7,11,0,2025,2
951,5,9,30,PL,12,0,2025,2
952,5,3,7,18,13,0,2025,2
953,5,11,5,19,14,0,2025,2
954,5,11,27,12,15,0,2025,2
955,5,13,22,9,16,0,2025,2
956,5,4,14,13,Ret,0,2025,2
957,5,5,16,6,DSQ,0,2025,2
958,5,5,44,5,DSQ,0,2025,2
959,5,3,10,16,DSQ,0,2025,2
960,4,9,1,1,1,25,2025,3
961,4,7,4,2,2,18,2025,3
962,4,7,81,3,3,15,2025,3
963,4,5,16,4,4,12,2025,3
964,4,8,63,5,5,10,2025,3
965,4,8,12,6,6,8,2025,3
966,4,5,44,8,7,6,2025,3
967,4,13,6,7,8,4,2025,3
968,4,10,23,9,9,2,2025,3
969,4,6,87,10,10,1,2025,3
970,4,4,14,12,11,0,2025,3
971,4,9,22,14,12,0,2025,3
972,4,3,10,11,13,0,2025,3
973,4,10,55,15,14,0,2025,3
974,4,3,7,19,15,0,2025,3
975,4,11,27,16,16,0,2025,3
976,4,13,30,13,17,0,2025,3
977,4,6,31,18,18,0,2025,3
978,4,11,5,17,19,0,2025,3
979,4,4,18,20,20,0,2025,3
980,1,7,81,1,1,25,2025,4
981,1,8,63,3,2,18,2025,4
982,1,7,4,6,3,15,2025,4
983,1,5,16,2,4,12,2025,4
984,1,5,44,9,5,10,2025,4
985,1,9,1,7,6,8,2025,4
986,1,3,10,4,7,6,2025,4
987,1,6,31,14,8,4,2025,4
988,1,9,22,10,9,2,2025,4
989,1,6,87,20,10,1,2025,4
990,1,8,12,5,11,0,2025,4
991,1,10,23,15,12,0,2025,4
992,1,13,6,12,13,0,2025,4
993,1,3,7,11,14,0,2025,4
994,1,4,14,13,15,0,2025,4
995,1,13,30,17,16,0,2025,4
996,1,4,18,19,17,0,2025,4
997,1,11,5,18,18,0,2025,4
998,1,10,55,8,Ret,0,2025,4
999,1,11,27,16,DSQ,0,2025,4
1000,2,7,81,2,1,25,2025,5
1001,2,9,1,1,2,18,2025,5
1002,2,5,16,4,3,15,2025,5
1003,2,7,4,10,4,12,2025,5
1004,2,8,63,3,5,10,2025,5
1005,2,8,12,5,6,8,2025,5
1006,2,5,44,7,7,6,2025,5
1007,2,10,55,6,8,4,2025,5
1008,2,10,23,11,9,2,2025,5
1009,2,13,6,14,10,1,2025,5
1010,2,4,14,13,11,0,2025,5
1011,2,13,30,12,12,0,2025,5
1012,2,6,87,15,13,0,2025,5
1013,2,6,31,19,14,0,2025,5
1014,2,11,27,18,15,0,2025,5
1015,2,4,18,16,16,0,2025,5
1016,2,3,7,17,17,0,2025,5
1017,2,11,5,20,18,0,2025,5
1018,2,9,22,8,Ret,0,2025,5
1019,2,3,10,9,Ret,0,2025,5
1020,6,7,81,4,1,25,2025,6
1021,6,7,4,2,2,18,2025,6
1022,6,8,63,5,3,15,2025,6
1023,6,9,1,1,4,12,2025,6
1024,6,10,23,7,5,10,2025,6
1025,6,8,12,3,6,8,2025,6
1026,6,5,16,8,7,6,2025,6
1027,6,5,44,12,8,4,2025,6
1028,6,10,55,6,9,2,2025,6
1029,6,9,22,10,10,1,2025,6
1030,6,13,6,11,11,0,2025,6
1031,6,6,31,9,12,0,2025,6
1032,6,3,10,PL,13,0,2025,6
1033,6,11,27,16,14,0,2025,6
1034,6,4,14,17,15,0,2025,6
1035,6,4,18,18,16,0,2025,6
1036,6,13,30,15,Ret,0,2025,6
1037,6,11,5,13,Ret,0,2025,6
1038,6,6,87,19,Ret,0,2025,6
1039,6,3,7,14,Ret,0,2025,6
1040,7,9,1,2,1,25,2025,7
1041,7,7,4,4,2,18,2025,7
1042,7,7,81,1,3,15,2025,7
1043,7,5,44,12,4,12,2025,7
1044,7,10,23,7,5,10,2025,7
1045,7,5,16,11,6,8,2025,7
1046,7,8,63,3,7,6,2025,7
1047,7,10,55,6,8,4,2025,7
1048,7,13,6,9,9,2,2025,7
1049,7,9,22,PL,10,1,2025,7
1050,7,4,14,5,11,0,2025,7
1051,7,11,27,17,12,0,2025,7
1052,7,3,10,10,13,0,2025,7
1053,7,13,30,15,14,0,2025,7
1054,7,4,18,8,15,0,2025,7
1055,7,3,43,16,16,0,2025,7
1056,7,6,87,19,17,0,2025,7
1057,7,11,5,14,18,0,2025,7
1058,7,8,12,13,Ret,0,2025,7
1059,7,6,31,18,Ret,0,2025,7
1060,8,7,4,1,1,25,2025,8
1061,8,5,16,2,2,18,2025,8
1062,8,7,81,3,3,15,2025,8
1063,8,9,1,4,4,12,2025,8
1064,8,5,44,7,5,10,2025,8
1065,8,13,6,5,6,8,2025,8
1066,8,6,31,8,7,6,2025,8
1067,8,13,30,9,8,4,2025,8
1068,8,10,23,10,9,2,2025,8
1069,8,10,55,11,10,1,2025,8
1070,8,8,63,14,11,0,2025,8
1071,8,6,87,20,12,0,2025,8
1072,8,3,43,18,13,0,2025,8
1073,8,11,5,16,14,0,2025,8
1074,8,4,18,19,15,0,2025,8
1075,8,11,27,13,16,0,2025,8
1076,8,9,22,12,17,0,2025,8
1077,8,8,12,15,18,0,2025,8
1078,8,4,14,6,Ret,0,2025,8
1079,8,3,10,17,Ret,0,2025,8
1080,10,7,81,1,1,25,2025,9
1081,10,7,4,2,2,18,2025,9
1082,10,5,16,7,3,15,2025,9
1083,10,8,63,4,4,12,2025,9
1084,10,11,27,15,5,10,2025,9
1085,10,5,44,5,6,8,2025,9
1086,10,13,6,9,7,6,2025,9
1087,10,3,10,8,8,4,2025,9
1088,10,4,14,10,9,2,2025,9
1089,10,9,1,3,10,1,2025,9
1090,10,13,30,13,11,0,2025,9
1091,10,11,5,12,12,0,2025,9
1092,10,9,22,PL,13,0,2025,9
1093,10,10,55,17,14,0,2025,9
1094,10,3,43,18,15,0,2025,9
1095,10,6,31,16,16,0,2025,9
1096,10,6,87,14,17,0,2025,9
1097,10,8,12,6,Ret,0,2025,9
1098,10,10,23,11,Ret,0,2025,9
1099,10,4,18,WD,WD,0,2025,9
1100,9,8,63,1,1,25,2025,10
1101,9,9,1,2,2,18,2025,10
1102,9,8,12,4,3,15,2025,10
1103,9,7,81,3,4,12,2025,10
1104,9,5,16,8,5,10,2025,10
1105,9,5,44,5,6,8,2025,10
1106,9,4,14,6,7,6,2025,10
1107,9,11,27,11,8,4,2025,10
1108,9,6,31,14,9,2,2025,10
1109,9,10,55,16,10,1,2025,10
1110,9,6,87,13,11,0,2025,10
1111,9,9,22,18,12,0,2025,10
1112,9,3,43,10,13,0,2025,10
1113,9,11,5,15,14,0,2025,10
1114,9,3,10,PL,15,0,2025,10
1115,9,13,6,12,16,0,2025,10
1116,9,4,18,17,17,0,2025,10
1117,9,7,4,7,18,0,2025,10
1118,9,13,30,PL,Ret,0,2025,10
1119,9,10,23,9,Ret,0,2025,10
1120,11,7,4,1,1,25,2025,11
1121,11,7,81,3,2,18,2025,11
1122,11,5,16,2,3,15,2025,11
1123,11,5,44,4,4,12,2025,11
1124,11,8,63,5,5,10,2025,11
1125,11,13,30,6,6,8,2025,11
1126,11,4,14,11,7,6,2025,11
1127,11,11,5,8,8,4,2025,11
1128,11,11,27,20,9,2,2025,11
1129,11,6,31,17,10,1,2025,11
1130,11,6,87,15,11,0,2025,11
1131,11,13,6,13,12,0,2025,11
1132,11,3,10,10,13,0,2025,11
1133,11,4,18,16,14,0,2025,11
1134,11,3,43,14,15,0,2025,11
1135,11,9,22,18,16,0,2025,11
1136,11,10,23,12,Ret,0,2025,11
1137,11,9,1,7,Ret,0,2025,11
1138,11,8,12,9,Ret,0,2025,11
1139,11,10,55,-,DNS,0,2025,11
1140,12,7,4,3,1,25,2025,12
1141,12,7,81,2,2,18,2025,12
1142,12,11,27,19,3,15,2025,12
1143,12,5,44,5,4,12,2025,12
1144,12,9,1,1,5,10,2025,12
1145,12,3,10,8,6,8,2025,12
1146,12,4,18,17,7,6,2025,12
1147,12,10,23,13,8,4,2025,12
1148,12,4,14,7,9,2,2025,12
1149,12,8,63,4,10,1,2025,12
1150,12,6,87,18,11,0,2025,12
1151,12,10,55,9,12,0,2025,12
1152,12,6,31,14,13,0,2025,12
1153,12,5,16,6,14,0,2025,12
1154,12,9,22,11,15,0,2025,12
1155,12,8,12,10,Ret,0,2025,12
1156,12,13,6,12,Ret,0,2025,12
1157,12,11,5,16,Ret,0,2025,12
1158,12,13,30,15,Ret,0,2025,12
1159,12,3,43,PL,DNS,0,2025,12
1160,14,7,81,2,1,25,2025,13
1161,14,7,4,1,2,18,2025,13
1162,14,5,16,3,3,15,2025,13
1163,14,9,1,4,4,12,2025,13
1164,14,8,63,6,5,10,2025,13
1165,14,10,23,5,6,8,2025,13
1166,14,5,44,PL,7,6,2025,13
1167,14,13,30,9,8,4,2025,13
1168,14,11,5,10,9,2,2025,13
1169,14,3,10,13,10,1,2025,13
1170,14,6,87,12,11,0,2025,13
1171,14,11,27,14,12,0,2025,13
1172,14,9,22,7,13,0,2025,13
1173,14,4,18,16,14,0,2025,13
1174,14,6,31,11,15,0,2025,13
1175,14,8,12,PL,16,0,2025,13
1176,14,4,14,PL,17,0,2025,13
1177,14,10,55,PL,18,0,2025,13
1178,14,3,43,15,19,0,2025,13
1179,14,13,6,8,20,0,2025,13
1180,13,7,4,3,1,25,2025,14
1181,13,7,81,2,2,18,2025,14
1182,13,8,63,4,3,15,2025,14
1183,13,5,16,1,4,12,2025,14
1184,13,4,14,5,5,10,2025,14
1185,13,11,5,7,6,8,2025,14
1186,13,4,18,6,7,6,2025,14
1187,13,13,30,9,8,4,2025,14
1188,13,9,1,8,9,2,2025,14
1189,13,8,12,15,10,1,2025,14
1190,13,13,6,10,11,0,2025,14
1191,13,5,44,12,12,0,2025,14
1192,13,11,27,18,13,0,2025,14
1193,13,10,55,13,14,0,2025,14
1194,13,10,23,19,15,0,2025,14
1195,13,6,31,17,16,0,2025,14
1196,13,9,22,PL,17,0,2025,14
1197,13,3,43,14,18,0,2025,14
1198,13,3,10,16,19,0,2025,14
1199,13,6,87,11,Ret,0,2025,14
1200,15,7,81,1,1,25,2025,15
1201,15,9,1,3,2,18,2025,15
1202,15,13,6,4,3,15,2025,15
1203,15,8,63,5,4,12,2025,15
1204,15,10,23,15,5,10,2025,15
1205,15,6,87,PL,6,8,2025,15
1206,15,4,18,19,7,6,2025,15
1207,15,4,14,10,8,4,2025,15
1208,15,9,22,12,9,2,2025,15
1209,15,6,31,18,10,1,2025,15
1210,15,3,43,16,11,0,2025,15
1211,15,13,30,8,12,0,2025,15
1212,15,10,55,9,13,0,2025,15
1213,15,11,27,17,14,0,2025,15
1214,15,11,5,13,15,0,2025,15
1215,15,8,12,11,16,0,2025,15
1216,15,3,10,14,17,0,2025,15
1217,15,7,4,2,18,0,2025,15
1218,15,5,16,6,Ret,0,2025,15
1219,15,5,44,7,Ret,0,2025,15
1220,16,9,1,1,1,25,2025,16
1221,16,7,4,2,2,18,2025,16
1222,16,7,81,3,3,15,2025,16
1223,16,5,16,4,4,12,2025,16
1224,16,8,63,5,5,10,2025,16
1225,16,5,44,10,6,8,2025,16
1226,16,10,23,14,7,6,2025,16
1227,16,11,5,7,8,4,2025,16
1228,16,8,12,6,9,2,2025,16
1229,16,13,6,PL,10,1,2025,16
1230,16,10,55,13,11,0,2025,16
1231,16,6,87,11,12,0,2025,16
1232,16,9,22,9,13,0,2025,16
1233,16,13,30,18,14,0,2025,16
1234,16,6,31,15,15,0,2025,16
1235,16,3,10,PL,16,0,2025,16
1236,16,3,43,17,17,0,2025,16
1237,16,4,18,16,18,0,2025,16
1238,16,4,14,8,Ret,0,2025,16
1239,16,11,27,-,DNS,0,2025,16
1240,17,9,1,1,1,25,2025,17
1241,17,8,63,5,2,18,2025,17
1242,17,10,55,2,3,15,2025,17
1243,17,8,12,4,4,12,2025,17
1244,17,13,30,3,5,10,2025,17
1245,17,9,22,6,6,8,2025,17
1246,17,7,4,7,7,6,2025,17
1247,17,5,44,12,8,4,2025,17
1248,17,5,16,10,9,2,2025,17
1249,17,13,6,8,10,1,2025,17
1250,17,11,5,13,11,0,2025,17
1251,17,6,87,15,12,0,2025,17
1252,17,10,23,19,13,0,2025,17
1253,17,6,31,20,14,0,2025,17
1254,17,4,14,11,15,0,2025,17
1255,17,11,27,17,16,0,2025,17
1256,17,4,18,14,17,0,2025,17
1257,17,3,10,18,18,0,2025,17
1258,17,3,43,16,19,0,2025,17
1259,17,7,81,9,Ret,0,2025,17
1260,18,8,63,1,1,25,2025,18
1261,18,9,1,2,2,18,2025,18
1262,18,7,4,5,3,15,2025,18
1263,18,7,81,3,4,12,2025,18
1264,18,8,12,4,5,10,2025,18
1265,18,5,16,7,6,8,2025,18
1266,18,4,14,10,7,6,2025,18
1267,18,5,44,6,8,4,2025,18
1268,18,6,87,9,9,2,2025,18
1269,18,10,55,18,10,1,2025,18
1270,18,13,6,8,11,0,2025,18
1271,18,9,22,13,12,0,2025,18
1272,18,4,18,15,13,0,2025,18
1273,18,10,23,PL,14,0,2025,18
1274,18,13,30,12,15,0,2025,18
1275,18,3,43,16,16,0,2025,18
1276,18,11,5,14,17,0,2025,18
1277,18,6,31,17,18,0,2025,18
1278,18,3,10,PL,19,0,2025,18
1279,18,11,27,11,20,0,2025,18
1280,19,9,1,1,1,25,2025,19
1281,19,7,4,2,2,18,2025,19
1282,19,5,16,3,3,15,2025,19
1283,19,5,44,5,4,12,2025,19
1284,19,7,81,6,5,10,2025,19
1285,19,8,63,4,6,8,2025,19
1286,19,9,22,13,7,6,2025,19
1287,19,11,27,11,8,4,2025,19
1288,19,6,87,8,9,2,2025,19
1289,19,4,14,10,10,1,2025,19
1290,19,13,30,12,11,0,2025,19
1291,19,4,18,19,12,0,2025,19
1292,19,8,12,7,13,0,2025,19
1293,19,10,23,18,14,0,2025,19
1294,19,6,31,17,15,0,2025,19
1295,19,13,6,20,16,0,2025,19
1296,19,3,43,15,17,0,2025,19
1297,19,11,5,16,18,0,2025,19
1298,19,3,10,14,19,0,2025,19
1299,19,10,55,9,Ret,0,2025,19
1300,20,7,4,1,1,25,2025,20
1301,20,5,16,2,2,18,2025,20
1302,20,9,1,5,3,15,2025,20
1303,20,6,87,9,4,12,2025,20
1304,20,7,81,7,5,10,2025,20
1305,20,8,12,6,6,8,2025,20
1306,20,8,63,4,7,6,2025,20
1307,20,5,44,3,8,4,2025,20
1308,20,6,31,11,9,2,2025,20
1309,20,11,5,16,10,1,2025,20
1310,20,9,22,10,11,0,2025,20
1311,20,10,23,17,12,0,2025,20
1312,20,13,6,8,13,0,2025,20
1313,20,4,18,19,14,0,2025,20
1314,20,3,10,18,15,0,2025,20
1315,20,3,43,20,16,0,2025,20
1316,20,10,55,12,17,0,2025,20
1317,20,4,14,14,Ret,0,2025,20
1318,20,11,27,13,Ret,0,2025,20
1319,20,13,30,15,Ret,0,2025,20
1320,21,7,4,1,1,25,2025,21
1321,21,8,12,2,2,18,2025,21
1322,21,9,1,PL,3,15,2025,21
1323,21,8,63,6,4,12,2025,21
1324,21,7,81,4,5,10,2025,21
1325,21,6,87,8,6,8,2025,21
1326,21,13,30,7,7,6,2025,21
1327,21,13,6,5,8,4,2025,21
1328,21,11,27,10,9,2,2025,21
1329,21,3,10,9,10,1,2025,21
1330,21,10,23,12,11,0,2025,21
1331,21,6,31,PL,12,0,2025,21
1332,21,10,55,15,13,0,2025,21
1333,21,4,14,11,14,0,2025,21
1334,21,3,43,16,15,0,2025,21
1335,21,4,18,14,16,0,2025,21
1336,21,9,22,17,17,0,2025,21
1337,21,5,44,13,Ret,0,2025,21
1338,21,5,16,3,Ret,0,2025,21
1339,21,11,5,18,Ret,0,2025,21
1340,22,9,1,2,1,25,2025,22
1341,22,8,63,4,2,18,2025,22
1342,22,8,12,17,3,15,2025,22
1343,22,5,16,9,4,12,2025,22
1344,22,10,55,3,5,10,2025,22
1345,22,13,6,8,6,8,2025,22
1346,22,11,27,11,7,6,2025,22
1347,22,5,44,19,8,4,2025,22
1348,22,6,31,13,9,2,2025,22
1349,22,6,87,14,10,1,2025,22
1350,22,4,14,7,11,0,2025,22
1351,22,9,22,PL,12,0,2025,22
1352,22,3,10,10,13,0,2025,22
1353,22,13,30,6,14,0,2025,22
1354,22,3,43,15,15,0,2025,22
1355,22,10,23,16,Ret,0,2025,22
1356,22,11,5,18,Ret,0,2025,22
1357,22,4,18,12,Ret,0,2025,22
1358,22,7,4,1,DSQ,0,2025,22
1359,22,7,81,5,DSQ,0,2025,22
1360,23,9,1,3,1,25,2025,23
1361,23,7,81,1,2,18,2025,23
1362,23,10,55,7,3,15,2025,23
1363,23,7,4,2,4,12,2025,23
1364,23,8,12,5,5,10,2025,23
1365,23,8,63,4,6,8,2025,23
1366,23,4,14,8,7,6,2025,23
1367,23,5,16,10,8,4,2025,23
1368,23,13,30,12,9,2,2025,23
1369,23,9,22,15,10,1,2025,23
1370,23,10,23,14,11,0,2025,23
1371,23,5,44,17,12,0,2025,23
1372,23,11,5,19,13,0,2025,23
1373,23,3,43,PL,14,0,2025,23
1374,23,6,31,16,15,0,2025,23
1375,23,3,10,9,16,0,2025,23
1376,23,4,18,18,17,0,2025,23
1377,23,13,6,6,18,0,2025,23
1378,23,6,87,13,Ret,0,2025,23
1379,23,11,27,11,Ret,0,2025,23
1380,24,9,1,1,1,25,2025,24
1381,24,7,81,3,2,18,2025,24
1382,24,7,4,2,3,15,2025,24
1383,24,5,16,5,4,12,2025,24
1384,24,8,63,4,5,10,2025,24
1385,24,4,14,6,6,8,2025,24
1386,24,6,31,8,7,6,2025,24
1387,24,5,44,16,8,4,2025,24
1388,24,11,27,18,9,2,2025,24
1389,24,4,18,15,10,1,2025,24
1390,24,11,5,7,11,0,2025,24
1391,24,6,87,11,12,0,2025,24
1392,24,10,55,12,13,0,2025,24
1393,24,9,22,10,14,0,2025,24
1394,24,8,12,14,15,0,2025,24
1395,24,10,23,17,16,0,2025,24
1396,24,13,6,9,17,0,2025,24
1397,24,13,30,13,18,0,2025,24
1398,24,3,10,19,Ret,0,2025,24
1399,24,3,43,20,Ret,0,2025,24